<?xml version="1.0" encoding="UTF-8"?>
<!DOCTYPE mapper
        PUBLIC "-//mybatis.org//DTD Mapper 3.0//EN"
        "http://mybatis.org/dtd/mybatis-3-mapper.dtd">

<mapper namespace="com.xisuo.sellmanager.dao.OrderTargetDao">

    <insert id="addTarget">
        INSERT INTO `order_target` (
        `start_time`,`end_time`,`target`,
        `has_done`,`target_state`,`user_id`
        ) VALUES (
        #{startTime},#{endTime}, #{target},
         #{hasDone},#{targetState},#{userId}
        )
    </insert>

    <select id="queryTargets" resultType="VoOrderTarget">
        SELECT  a.*,b.`name` as userName   FROM `order_target`  a  left join `user` b
        on a.user_id=b.id  WHERE 1=1
        <if test="startTime != null">
            and a.`start_time` &gt; #{startTime}
        </if>
        <if test="endTime != null">
            and  a.`end_time` &lt; #{endTime}
        </if>
        <if test="target != null">
            AND  a.`target` LIKE #{target}
        </if>
        <if test="targetState != null">
            AND a.`target_state` = #{targetState}
        </if>
        <if test="userId != null">
            AND a.`user_id` = #{userId}
        </if>
        limit #{pageNum},#{pageSize}
    </select>

    <select id="queryTargetsNum" resultType="int">
        SELECT  count(1)   FROM `order_target`   WHERE 1=1
        <if test="startTime != null">
            and `start_time` &gt; #{startTime}
        </if>
        <if test="endTime != null">
            and end_time &lt; #{endTime}
        </if>
        <if test="target != null">
            AND `target` LIKE #{target}
        </if>
        <if test="targetState != null">
            AND `target_state` = #{targetState}
        </if>
        <if test="userId != null">
            AND `user_id` = #{userId}
        </if>
    </select>

    <update id="doneTarget">
        UPDATE `order_target`
        SET
         `has_done` = #{hasDone},
         `target_state` = 1
        WHERE
            `id` = #{id} and `user_id` = #{userId}
    </update>


    <update id="modifyTarget">
        UPDATE `order_target`
        SET
         `start_time` = #{startTime},
         `end_time` = #{endTime},
         `target` = #{target},
         `target_state` = #{targetState}
        WHERE
            `id` = #{id}
    </update>


    <delete id="deleteTarget">
        DELETE from `order_target`  where `id`= #{id}
    </delete>

    <select id="getOneTarget" resultType="OrderTarget">
        SELECT  *  from `order_target`  where `id`= #{id}
    </select>

    <select id="getNowOrder" resultType="string">
        SELECT target from order_target  where start_time &lt; #{time} and end_time &gt; #{time}  and  user_id= #{id}
    </select>



</mapper>