<?xml version="1.0" encoding="UTF-8"?>
<!DOCTYPE mapper PUBLIC "-//mybatis.org//DTD Mapper 3.0//EN" "http://mybatis.org/dtd/mybatis-3-mapper.dtd">
<mapper namespace="com.example.springboot.mapper.UserMapper">
  <resultMap id="BaseResultMap" type="com.example.springboot.model.User">
    <id column="user_id" jdbcType="INTEGER" property="userId" />
    <result column="user_name" jdbcType="VARCHAR" property="userName" />
    <result column="login_name" jdbcType="VARCHAR" property="loginName" />
    <result column="last_login_time" jdbcType="INTEGER" property="lastLoginTime" />
    <result column="user_head_img" jdbcType="VARCHAR" property="userHeadImg" />
  </resultMap>
  <sql id="Example_Where_Clause">
    <where>
      <foreach collection="oredCriteria" item="criteria" separator="or">
        <if test="criteria.valid">
          <trim prefix="(" prefixOverrides="and" suffix=")">
            <foreach collection="criteria.criteria" item="criterion">
              <choose>
                <when test="criterion.noValue">
                  and ${criterion.condition}
                </when>
                <when test="criterion.singleValue">
                  and ${criterion.condition} #{criterion.value}
                </when>
                <when test="criterion.betweenValue">
                  and ${criterion.condition} #{criterion.value} and #{criterion.secondValue}
                </when>
                <when test="criterion.listValue">
                  and ${criterion.condition}
                  <foreach close=")" collection="criterion.value" item="listItem" open="(" separator=",">
                    #{listItem}
                  </foreach>
                </when>
              </choose>
            </foreach>
          </trim>
        </if>
      </foreach>
    </where>
  </sql>
  <sql id="Update_By_Example_Where_Clause">
    <where>
      <foreach collection="example.oredCriteria" item="criteria" separator="or">
        <if test="criteria.valid">
          <trim prefix="(" prefixOverrides="and" suffix=")">
            <foreach collection="criteria.criteria" item="criterion">
              <choose>
                <when test="criterion.noValue">
                  and ${criterion.condition}
                </when>
                <when test="criterion.singleValue">
                  and ${criterion.condition} #{criterion.value}
                </when>
                <when test="criterion.betweenValue">
                  and ${criterion.condition} #{criterion.value} and #{criterion.secondValue}
                </when>
                <when test="criterion.listValue">
                  and ${criterion.condition}
                  <foreach close=")" collection="criterion.value" item="listItem" open="(" separator=",">
                    #{listItem}
                  </foreach>
                </when>
              </choose>
            </foreach>
          </trim>
        </if>
      </foreach>
    </where>
  </sql>
  <sql id="Base_Column_List">
    user_id, user_name, login_name, last_login_time, user_head_img
  </sql>
  <select id="selectByExample" parameterType="com.example.springboot.model.UserExample" resultMap="BaseResultMap">
    select
    <if test="distinct">
      distinct
    </if>
    <include refid="Base_Column_List" />
    from user
    <if test="_parameter != null">
      <include refid="Example_Where_Clause" />
    </if>
    <if test="orderByClause != null">
      order by ${orderByClause}
    </if>
  </select>
  <select id="selectByPrimaryKey" parameterType="java.lang.Integer" resultMap="BaseResultMap">
    select 
    <include refid="Base_Column_List" />
    from user
    where user_id = #{userId,jdbcType=INTEGER}
  </select>
  <delete id="deleteByPrimaryKey" parameterType="java.lang.Integer">
    delete from user
    where user_id = #{userId,jdbcType=INTEGER}
  </delete>
  <delete id="deleteByExample" parameterType="com.example.springboot.model.UserExample">
    delete from user
    <if test="_parameter != null">
      <include refid="Example_Where_Clause" />
    </if>
  </delete>
  <insert id="insert" parameterType="com.example.springboot.model.User">
    insert into user (user_id, user_name, login_name, 
      last_login_time, user_head_img)
    values (#{userId,jdbcType=INTEGER}, #{userName,jdbcType=VARCHAR}, #{loginName,jdbcType=VARCHAR}, 
      #{lastLoginTime,jdbcType=INTEGER}, #{userHeadImg,jdbcType=VARCHAR})
  </insert>
  <insert id="insertSelective" parameterType="com.example.springboot.model.User">
    insert into user
    <trim prefix="(" suffix=")" suffixOverrides=",">
      <if test="userId != null">
        user_id,
      </if>
      <if test="userName != null">
        user_name,
      </if>
      <if test="loginName != null">
        login_name,
      </if>
      <if test="lastLoginTime != null">
        last_login_time,
      </if>
      <if test="userHeadImg != null">
        user_head_img,
      </if>
    </trim>
    <trim prefix="values (" suffix=")" suffixOverrides=",">
      <if test="userId != null">
        #{userId,jdbcType=INTEGER},
      </if>
      <if test="userName != null">
        #{userName,jdbcType=VARCHAR},
      </if>
      <if test="loginName != null">
        #{loginName,jdbcType=VARCHAR},
      </if>
      <if test="lastLoginTime != null">
        #{lastLoginTime,jdbcType=INTEGER},
      </if>
      <if test="userHeadImg != null">
        #{userHeadImg,jdbcType=VARCHAR},
      </if>
    </trim>
  </insert>
  <select id="countByExample" parameterType="com.example.springboot.model.UserExample" resultType="java.lang.Long">
    select count(*) from user
    <if test="_parameter != null">
      <include refid="Example_Where_Clause" />
    </if>
  </select>
  <update id="updateByExampleSelective" parameterType="map">
    update user
    <set>
      <if test="record.userId != null">
        user_id = #{record.userId,jdbcType=INTEGER},
      </if>
      <if test="record.userName != null">
        user_name = #{record.userName,jdbcType=VARCHAR},
      </if>
      <if test="record.loginName != null">
        login_name = #{record.loginName,jdbcType=VARCHAR},
      </if>
      <if test="record.lastLoginTime != null">
        last_login_time = #{record.lastLoginTime,jdbcType=INTEGER},
      </if>
      <if test="record.userHeadImg != null">
        user_head_img = #{record.userHeadImg,jdbcType=VARCHAR},
      </if>
    </set>
    <if test="_parameter != null">
      <include refid="Update_By_Example_Where_Clause" />
    </if>
  </update>
  <update id="updateByExample" parameterType="map">
    update user
    set user_id = #{record.userId,jdbcType=INTEGER},
      user_name = #{record.userName,jdbcType=VARCHAR},
      login_name = #{record.loginName,jdbcType=VARCHAR},
      last_login_time = #{record.lastLoginTime,jdbcType=INTEGER},
      user_head_img = #{record.userHeadImg,jdbcType=VARCHAR}
    <if test="_parameter != null">
      <include refid="Update_By_Example_Where_Clause" />
    </if>
  </update>
  <update id="updateByPrimaryKeySelective" parameterType="com.example.springboot.model.User">
    update user
    <set>
      <if test="userName != null">
        user_name = #{userName,jdbcType=VARCHAR},
      </if>
      <if test="loginName != null">
        login_name = #{loginName,jdbcType=VARCHAR},
      </if>
      <if test="lastLoginTime != null">
        last_login_time = #{lastLoginTime,jdbcType=INTEGER},
      </if>
      <if test="userHeadImg != null">
        user_head_img = #{userHeadImg,jdbcType=VARCHAR},
      </if>
    </set>
    where user_id = #{userId,jdbcType=INTEGER}
  </update>
  <update id="updateByPrimaryKey" parameterType="com.example.springboot.model.User">
    update user
    set user_name = #{userName,jdbcType=VARCHAR},
      login_name = #{loginName,jdbcType=VARCHAR},
      last_login_time = #{lastLoginTime,jdbcType=INTEGER},
      user_head_img = #{userHeadImg,jdbcType=VARCHAR}
    where user_id = #{userId,jdbcType=INTEGER}
  </update>
</mapper>