<?xml version="1.0" encoding="UTF-8"?>
<!DOCTYPE generatorConfiguration
        PUBLIC "-//mybatis.org//DTD MyBatis Generator Configuration 1.0//EN"
        "http://mybatis.org/dtd/mybatis-generator-config_1_0.dtd">
<generatorConfiguration>
    <context id="MySQL2Tables" targetRuntime="MyBatis3">
        <commentGenerator>
            <property name="suppressAllComments" value="true" />
            <property name="addRemarkComments" value="true" />
        </commentGenerator>
        <!--数据源-->
        <jdbcConnection driverClass="com.mysql.cj.jdbc.Driver"
                        connectionURL="jdbc:mysql://localhost:3306/test_db?useUnicode=true&amp;characterEncoding=UTF8&amp;characterSetResults=UTF8&amp;serverTimezone=UTC"
                        userId="root"
                        password="test1111">
        </jdbcConnection>
        <javaTypeResolver >
            <property name="forceBigDecimals" value="false" />
        </javaTypeResolver>
        <javaModelGenerator targetPackage="com.example.springboot.model"
                            targetProject="src/main/java">
            <property name="enableSubPackages" value="false" />
            <property name="trimStrings" value="true" />
        </javaModelGenerator>
        <sqlMapGenerator targetPackage="com.example.springboot.mapper"
                         targetProject="src/main/resources">
            <property name="enableSubPackages" value="true" />
        </sqlMapGenerator>
        <javaClientGenerator type="XMLMAPPER" targetPackage="com.example.springboot.mapper"
                             targetProject="src/main/java">
            <property name="enableSubPackages" value="true" />
        </javaClientGenerator>
        <table tableName="user_test">
        </table>

    </context>
</generatorConfiguration>