<?xml version="1.0" encoding="UTF-8"?>
<Configuration status="WARN">
    <properties>
        <property name="LOG_HOME">/log</property>
    </properties>
    <Appenders>
        <Console name="CONSOLE" target="SYSTEM_OUT" >
            <PatternLayout pattern="%d{yyyy-MM-dd HH:mm:ss.SSS} %-5p [%t] %c{1.} %msg%n"/>
        </Console>
        <RollingRandomAccessFile name="INFO_FILE" fileName="${LOG_HOME}/info.log"
                                 filePattern="${LOG_HOME}/info-%d{HH}-%i.log" immediateFlush="true">
            <PatternLayout pattern="%d{yyyy-MM-dd HH:mm:ss.SSS} [%traceId] %-5p %c{1.} %msg%n"/>
            <Policies>
                <TimeBasedTriggeringPolicy />
            </Policies>
            <DefaultRolloverStrategy max="1"/>
            <Filters>
                <ThresholdFilter level="error" onMatch="ACCEPT" onMismatch="NEUTRAL"/>
                <ThresholdFilter level="info" onMatch="ACCEPT" onMismatch="DENY"/>
            </Filters>
        </RollingRandomAccessFile>
    </Appenders>
    <Loggers>
        <Root level="info">
           <AppenderRef ref="CONSOLE" />
           <AppenderRef ref="INFO_FILE" />
        </Root>
    </Loggers>
</Configuration>
